Location in well All,Location in well Heatshock,Location in well Dark flashes,Location in well Morning 2,Location in well Morning transition 2,Location in well Night 2b,Location in well Night stimulation,Location in well Night 2,Location in well Night transition,Location in well Evening,Location in well Taps,Location in well Day baseline,Location in well Morning stimulation,Location in well Morning transition 1,Location in well Night 1,Features of movement All,Features of movement Heatshock,Features of movement Dark flashes,Features of movement Morning 2,Features of movement Morning transition 2,Features of movement Night 2b,Features of movement Night stimulation,Features of movement Night 2,Features of movement Night transition,Features of movement Evening,Features of movement Taps,Features of movement Day baseline,Features of movement Morning stimulation,Features of movement Morning transition 1,Features of movement Night 1,Frequency of movement All,Frequency of movement Heatshock,Frequency of movement Dark flashes,Frequency of movement Morning 2,Frequency of movement Morning transition 2,Frequency of movement Night 2b,Frequency of movement Night stimulation,Frequency of movement Night 2,Frequency of movement Night transition,Frequency of movement Evening,Frequency of movement Taps,Frequency of movement Day baseline,Frequency of movement Morning stimulation,Frequency of movement Morning transition 1,Frequency of movement Night 1
adamtsl3,-0.025418688,0.72175,-0.30225,0.578,-0.016954173,0.548375,-0.025333333,-0.426,-0.332683543,-0.61025,-0.688375,-0.547875,-0.51225,-0.480401868,-0.428125,-0.286036456,-0.258285714,-0.317071429,-0.383571429,-0.346029868,0.632,-0.4445,-0.634214286,-0.448683727,-0.426428571,0.008,-0.03075,0.287214286,-0.376960884,-0.628785714,-0.234979987,-0.386916667,-0.231666667,-0.019555556,-0.024772693,0.294833333,-0.505166667,0.59775,-0.299572464,-0.439666667,-0.100916667,-0.18675,-0.146333333,-0.531752469,-0.414
akt3b,-0.170790451,-0.158625,-0.30025,0.17725,0.336135452,-0.15375,0.2285,-0.41175,0.189824827,-0.327,0.2195,-0.269875,-0.092125,-0.166508211,0.279875,0.020393436,0.028,-0.327857143,-0.353928571,0.474246004,0.0145,-0.009666667,-0.025714286,-0.02995313,-0.240571429,0.004166667,0.007,0.011555556,0.382950618,0.296642857,-0.006739312,0.0015,-0.004875,-0.037,-0.023949781,-0.024833333,-0.003909091,-0.001,-0.007862671,-0.001875,-0.005777778,-0.004555556,-0.002,-0.235237528,-0.004375
ambra1,0.013779851,0.429125,0.015,0.0052,-0.269357973,0.0258,0.18375,0.2225,0.165055264,0.273,0.03825,0.001,-0.01425,-0.017275472,0.152125,0.017488428,0.024857143,0.006375,0.012888889,0.413614646,0.016714286,0.01225,-0.0084,0.019854951,0.03325,0.006,-0.009285714,0.004,0.247072456,0.01975,-0.204583682,0.0024,0.332,-0.00975,0.02475,-0.116666667,0.297333333,-0.017,0.010702908,-0.176833333,-0.364583333,-0.0136,-0.0106,0.531917681,-0.001285714
anp32e,0.087342629,-0.337625,0.019833333,0.02325,0.222744332,0.489625,-0.012428571,-0.07925,0.40769798,-0.033,0.023,0.0265,0.243125,-0.394010342,0.530375,-0.019833207,-0.312928571,-0.02,-0.235928571,-0.355972395,0.380357143,-0.433857143,0.00725,-0.526773621,0.0126,-0.009111111,-0.0262,-0.396357143,0.392956414,0.255785714,-0.131225866,0.386166667,-0.115583333,-0.429416667,-0.205878628,0.54125,0.373833333,-0.284666667,-0.315637178,-0.00525,-0.185916667,-0.15,-0.0288,0.603340112,-0.215666667
apopt1,0.084159279,0.338,0.18675,0.139,0.361228189,-0.146375,-0.015833333,-0.35225,-0.455869548,0.2615,0.07,0.012,0.183625,0.245167141,-0.227625,0.685962531,-0.374571429,-0.601357143,0.389714286,-0.491599912,0.463928571,0.582071429,0.501428571,0.559207117,0.312714286,0.603071429,0.146928571,0.227714286,0.461987519,0.022,-0.63612941,0.515583333,-0.354666667,-0.4895,0.442111554,0.49075,0.630083333,-0.0232,0.494035637,0.404833333,0.66,0.374,-0.441916667,0.312388501,-0.410666667
arhgap1,0.021966246,-0.315,0.173125,0.00775,0.03239486,-0.358,0.21025,0.27825,0.293293035,0.0085,-0.47675,0.14175,0.021833333,0.139823153,0.126875,0.010064902,0.285071429,0.330571429,0.0175,0.355872199,0.019,0.018,0.217571429,-0.330577281,0.388785714,0.017857143,-0.317714286,0.217857143,0.350362778,0.311928571,-0.006415536,-0.0155,-0.010444444,-0.0125,0.190913264,-0.0075,0.0115,-0.019125,-0.019982785,-0.0285,-0.006375,-0.011833333,-0.303583333,-0.201684056,-0.008454545
arl3,-0.641993301,-0.59875,0.61275,-0.28975,-0.419035386,-0.313,0.594125,-0.642375,-0.623264933,-0.7,-0.35475,0.5715,-0.68575,0.56305257,-0.71525,0.01960055,-0.473642857,-0.273428571,-0.49,0.450334067,0.0215,-0.471285714,0.0045,0.351384312,0.01525,0.3615,-0.5335,0.0125,0.590908101,0.4665,-0.004033847,-0.598083333,-0.004333333,-0.1705,-0.738878616,-0.386,-0.02175,-0.004111111,-0.009056079,-0.007,-0.0032,-0.014111111,-0.271583333,-0.4595822,-0.24125
arl6ip4,-0.545480907,-0.287875,0.562625,-0.284625,-0.648598973,-0.44325,-0.025,-0.2795,-0.263501542,-0.63675,-0.6155,0.58625,-0.68525,-0.102596054,-0.465125,0.326688635,0.319357143,-0.337,0.3445,0.439869347,-0.394928571,0.321428571,-0.7045,0.314322224,0.0116,-0.02325,0.448285714,0.483071429,0.443708834,0.428071429,-0.556436005,0.537166667,0.4235,-0.571333333,0.393863438,-0.70325,0.627,0.3755,0.334747829,-0.26825,-0.491583333,-0.29675,-0.623666667,-0.496688829,-0.548916667
astn1,0.167903992,-0.5165,0.48675,-0.440875,0.00875,0.336125,0.33875,-0.360375,0.392680554,0.16825,0.055875,0.235125,0.264,0.359123943,-0.379875,-0.022462155,-0.002166667,-0.0045,-0.023857143,-0.277266894,-0.019714286,-0.0108,-0.408214286,-0.44475641,-0.3115,-0.016428571,-0.011875,0.0072,0.024406489,-0.337571429,-0.0314133,-0.335916667,-0.018142857,-0.007,-0.347580236,-0.29625,-0.0095,-0.03775,-0.233869996,0.005333333,-0.22,-0.258333333,-0.425416667,-0.229702506,-0.015375
atxn7,-0.506474618,-0.252125,-0.224875,0.145125,0.309581153,-0.157375,-0.288875,0.5265,-0.313036794,0.403875,0.476125,-0.377625,0.406,0.35730809,0.3195,-0.002821874,0.383214286,-0.0065,-0.247428571,-0.009350375,-0.415857143,-0.0144,-0.0206,0.443446068,-0.019333333,-0.0118,-0.413642857,-0.007,-0.411408227,-0.0264,0.019515286,-0.002166667,0.014,0.247583333,0.25446907,0.329,0.015444444,0.38225,-0.343269577,0.024333333,0.0075,0.024111111,0.228916667,0.019097511,0.021714286
bag5,0.026346978,0.293875,0.0735,0.018285714,0.347978964,0.014,0.1625,-0.51425,-0.420410918,0.16525,0.297625,0.08625,0.1515,-0.409433825,0.02525,0.295940909,0.002,0.294428571,0.236,0.396595143,-0.301071429,0.190714286,0.351285714,0.502138933,0.4615,0.387714286,0.295714286,0.0215,0.55920266,-0.489714286,0.308457278,0.349666667,0.398583333,0.380916667,0.282696902,0.26125,0.21375,0.245583333,0.410900746,0.365583333,0.72025,-0.671916667,-0.023,0.417628199,-0.4095
bcl11b,-0.007218615,-0.0188,-0.00375,-0.0065,0.010871342,-0.196125,0.530875,-0.104,-0.248830396,-0.003166667,-0.00775,-0.023333333,0.001666667,-0.007693063,-0.1465,0.006813425,0.006,0.001,0.008,0.29641541,-0.296714286,0.0176,-0.0116,0.028754245,0.003555556,0.004777778,0.0015,-0.009833333,0.413225477,0.0105,0.000492605,0.001625,0.002666667,0.002,0.015174817,0.0172,0.001,0.015,0.008536597,0.003181818,0.0035,0.001166667,0.008428571,0.24381218,0.02
c10orf32,-0.349547637,-0.576625,0.17125,-0.436625,-0.470283187,0.531,-0.273,-0.137625,-0.415338723,-0.364625,0.53425,0.107875,-0.296,-0.022857686,-0.0172,0.016298247,0.014666667,0.0095,0.385857143,-0.363895646,0.341214286,0.287571429,0.335357143,0.567175354,0.017571429,0.195214286,0.0112,0.01925,-0.008999706,0.285571429,-0.304597865,0.0186,-0.017166667,0.489833333,-0.372982377,0.3135,-0.41925,0.0015,0.576119258,-0.294333333,-0.407916667,-0.294666667,-0.473333333,0.13831266,-0.017833333
c11orf87,0.766914004,-0.4985,-0.505125,0.731625,-0.540219133,0.720125,-0.539125,-0.759625,-0.563048549,0.785375,-0.915625,-0.920375,-0.374375,-0.729779274,0.64875,0.392880286,0.5775,0.479357143,-0.361642857,0.461943444,-0.379857143,0.478785714,-0.549571429,0.687958277,-0.403,-0.399142857,-0.464071429,-0.01975,-0.426052259,-0.627285714,0.478928554,-0.593666667,0.379666667,0.335333333,0.233078188,0.424083333,0.133333333,0.48475,0.503180428,-0.67725,0.5605,0.279333333,0.003222222,0.017432255,0.405583333
c12orf65,0.721596205,0.51975,0.4195,-0.6605,0.566090885,-0.25125,-0.595125,0.49275,0.674628005,0.520875,0.405375,0.4835,-0.6845,0.640978785,0.65925,0.840694678,0.439785714,0.538071429,-0.542928571,-0.768726632,-0.495142857,-0.486285714,-0.700357143,0.606118824,0.499642857,-0.5625,-0.267285714,-0.509785714,-0.472642723,0.676214286,-0.372435194,-0.01775,-0.530166667,-0.492083333,-0.326147352,-0.23125,-0.590333333,0.336,0.610738008,-0.004666667,0.612,0.742583333,-0.823166667,-0.515247897,-0.025
c2orf69,-0.116458346,0.490875,0.566,-0.03375,-0.015922975,-0.19725,0.12775,-0.220875,-0.226168282,0.308625,0.006375,-0.19825,-0.30675,-0.11097115,-0.022142857,0.027849856,0.00175,0.0175,0.014833333,0.51428318,-0.01075,-0.007833333,-0.337285714,-0.344871312,0.288571429,-0.399571429,0.314285714,-0.0255,0.393231733,0.021555556,0.371808503,-0.0315,-0.26775,0.234416667,-0.247532134,-0.536583333,0.295666667,0.002333333,0.018909261,-0.035,0.465,0.0206,0.338333333,0.02825,0.005875
c2orf82,-0.233087237,-0.643125,-0.268,-0.6975,-0.366459724,0.54025,-0.252125,-0.348125,0.376622629,-0.339375,-0.22925,-0.018625,-0.3355,-0.48261725,-0.01075,0.273769118,0.263857143,-0.358,-0.3915,-0.008610327,0.419285714,0.371785714,0.444,0.545633317,-0.013333333,-0.295642857,0.299214286,0.03175,-0.384614927,0.00625,-0.040817826,-0.332,-0.506833333,-0.576416667,-0.258117906,-0.368166667,-0.451666667,-0.008125,-0.50930218,-0.1855,-0.339583333,-0.495416667,-0.346666667,-0.674224815,-0.498416667
ca8,0.169088231,-0.46625,0.311875,0.417,0.380738341,0.256375,0.506625,0.50725,-0.365957491,0.125625,0.02075,0.157375,0.189625,0.283183047,0.23775,-0.206616685,-0.263928571,-0.156142857,-0.306714286,-0.384916343,-0.423428571,0.296214286,0.401857143,0.383711435,-0.405714286,-0.342214286,-0.02475,-0.022333333,-0.406607286,-0.431857143,0.621887292,-0.427583333,-0.514083333,0.489916667,0.286468309,-0.334583333,0.468833333,-0.0045,-0.381763371,-0.306083333,-0.114416667,0.1675,0.008142857,0.019514886,0.293166667
cacna1c,-0.026640387,-0.48775,-0.17275,-0.566625,-0.21516197,-0.014666667,-0.019142857,-0.134375,-0.358223167,-0.242375,-0.003875,-0.001,-0.003375,-0.001,-0.006625,-0.013336282,0.286928571,0.01975,0.03375,0.372306771,-0.01525,-0.0125,0.236642857,-0.006728417,0.25,0.0212,0.359642857,-0.3075,0.023848892,-0.006,-0.004991903,-0.0025,-0.0053,-0.004428571,-0.010306568,-0.0314,-0.02475,0.409,-0.001,-0.017428571,-0.0275,0.264833333,-0.02,-0.003788255,-0.0064
cacna1i,0.322568684,-0.0248,0.215875,-0.211625,0.027269865,-0.306375,0.01475,0.24175,0.104448959,-0.255375,0.368625,0.3915,-0.297375,0.247579202,0.0025,0.461589319,0.007,0.03275,0.01825,0.4429422,0.00125,0.4895,0.475142857,0.501048552,0.201928571,0.01525,0.350142857,0.340714286,-0.451103451,-0.0205,-0.267206991,0.242833333,-0.0195,-0.395416667,0.294039788,-0.229333333,-0.310166667,-0.191,-0.317369868,-0.02575,0.600083333,-0.37325,-0.326666667,-0.385162789,0.40275
cacnb2,0.018192216,0.21925,0.022375,0.0015,0.016081521,0.0066,-0.00225,-0.003714286,0.01125,0.006142857,0.0225,0.01275,0.276875,-0.0155,0.016666667,0.012569743,0.0124,0.007666667,0.0194,-0.395778232,0.009375,0.009,0.0084,-0.305238218,0.330071429,0.130357143,-0.01025,-0.415571429,0.016670912,0.0045,0.29069738,-0.008833333,0.013,0.437666667,0.005,-0.017666667,-0.0015,-0.0025,-0.003486776,-0.01175,-0.010333333,0.018,0.265583333,0.004852733,0.009833333
chrm4,0.018443217,0.009,0.259625,0.111375,-0.225012972,0.019,0.212875,-0.0128,-0.316960415,0.007833333,0.001125,-0.0165,0.0085,0.288914156,-0.128625,-0.018638502,0.255857143,0.018,-0.017666667,-0.237691241,-0.187857143,-0.0112,0.273642857,0.398377724,0.010166667,0.01775,-0.0015,-0.012857143,-0.007337334,-0.0134,0.030697341,-0.01,0.0245,0.029833333,0.012060639,0.1825,0.014888889,0.0238,0.0091737,0.019625,0.004555556,0.006,0.005625,0.032914399,0.0024
chrna5,0.146914119,0.250875,0.1695,0.122375,0.57222672,0.510125,0.1985,0.473625,0.455005403,0.34575,0.03475,0.074375,0.12075,0.00979583,0.67925,0.272731243,0.379214286,0.02775,0.390571429,0.308214898,0.461928571,0.3255,0.269357143,0.011028967,-0.281428571,-0.389428571,-0.424071429,0.284857143,-0.245923084,0.024285714,0.47214846,0.500083333,0.445333333,-0.495916667,0.470129152,0.274,0.26275,0.028333333,0.453746207,0.0168,0.555083333,-0.022625,-0.0146,0.026447941,0.311833333
chst12,-0.309817998,-0.437,-0.32675,-0.011,-0.250959828,-0.02175,0.1105,0.015,-0.283958621,0.0035,-0.100625,0.01175,0.157875,0.265015998,0.021,0.171443799,0.019333333,0.0202,0.019,0.31820819,0.016444444,-0.021,-0.392428571,0.230769569,0.320357143,0.312428571,0.352642857,0.304642857,0.030550843,-0.0066,0.30681851,0.007833333,0.236833333,0.35325,0.269030622,0.0078,0.0275,0.009857143,0.010227815,0.02125,-0.311583333,0.01175,-0.0186,-0.026837779,0.337833333
ckb,-0.033894854,0.403,-0.25525,-0.21725,0.333888899,-0.266833333,0.01775,0.416625,0.380864211,0.431625,0.01225,-0.346375,-0.287,0.208560219,0.264625,0.476428588,0.4525,0.388857143,-0.0104,0.022856928,0.327928571,-0.341,-0.371785714,0.392449855,0.474785714,0.467285714,-0.397285714,0.0107,0.012605995,-0.523285714,-0.028511462,0.362166667,-0.001666667,-0.02125,-0.300797947,-0.4365,-0.001333333,0.252833333,-0.350336491,-0.3905,0.02825,0.1585,-0.156333333,0.362330565,0.004
clcn3,-0.310842933,-0.235,-0.519,-0.385375,-0.00392011,0.266625,-0.00275,0.4795,0.337352711,0.02625,-0.006375,-0.0235,-0.016666667,-0.009061047,0.23625,0.009493209,-0.251357143,0.0061,0.016714286,0.016620945,0.411642857,0.006,-0.318714286,-0.446220895,0.006222222,0.0016,0.004333333,0.0115,0.004667814,0.0035,-0.001877085,-0.0105,-0.003875,-0.007090909,-0.013645682,0.0245,-0.01075,-0.205416667,-0.016488306,-0.005857143,-0.0015,-0.009,-0.001,-0.010834292,0.003166667
cnksr2,0.14241166,-0.137,0.26425,0.457375,-0.477497055,0.290625,-0.121625,-0.31525,0.281216423,0.156375,0.422625,0.27925,0.314125,0.500545146,0.449,-0.513115833,0.396642857,-0.458,-0.324428571,-0.514603747,-0.532857143,-0.5885,-0.347,-0.512186449,-0.464785714,-0.04075,-0.562,-0.019833333,0.315711122,-0.540642857,0.024185614,0.0248,0.0095,0.01525,0.208782526,0.255416667,0.347166667,0.024,-0.468696,0.008777778,0.026166667,0.092166667,0.019,0.486851398,-0.248583333
cnnm2,0.006488687,0.124875,0.01325,0.01,0.013032428,-0.12175,0.0075,0.1515,0.129540976,0.116125,0.008714286,0.1195,0.0055,0.230381789,0.141125,-0.005554039,0.008714286,-0.012,0.014,-0.396723847,0.015,0.0348,0.0035,0.399328007,-0.025142857,-0.001,0.257357143,-0.0095,0.339751571,-0.0025,0.013421429,0.0102,0.0076,-0.2015,0.0225,-0.019,-0.0112,-0.0045,-0.0045,0.012,0.008333333,0.019714286,0.196416667,-0.009050092,0.00625
cntn4,0.816556969,0.8525,0.152375,0.370125,0.541225705,0.767,-0.604125,0.3955,0.458705981,0.758,0.772875,0.3495,0.2785,0.0185,-0.83825,0.533573455,-0.627642857,0.579071429,0.240357143,0.555265607,0.297714286,0.399214286,0.467071429,-0.523757526,0.474642857,0.602857143,0.467785714,0.0105,0.435118258,0.0204,0.683353206,-0.721583333,0.367583333,-0.619166667,-0.448063693,-0.721166667,-0.291666667,0.68325,-0.438812035,0.4925,0.43875,-0.552166667,0.728583333,0.450297616,0.50175
csmd1,0.169252573,0.58825,0.289,0.45975,0.406317614,0.315625,0.34575,0.209875,0.335356088,0.0985,0.0775,0.371625,0.367375,0.017918828,0.3055,-0.316353895,-0.017125,-0.411428571,0.511142857,-0.396573145,-0.017833333,0.500928571,0.384,-0.405897851,-0.306857143,-0.395857143,0.467,0.02,0.036987653,-0.259142857,-0.019022974,-0.413416667,-0.303166667,-0.445333333,-0.40012899,-0.272666667,0.357333333,0.0154,-0.47073735,-0.0098,-0.007,-0.0154,-0.159333333,0.200212097,0.255333333
csmd3,-0.033020504,0.61,-0.345,-0.655875,-0.013640526,0.56175,0.446875,-0.44325,0.542738136,-0.094125,-0.025,-0.014166667,-0.453,-0.309228514,-0.0244,-0.021523209,-0.022166667,-0.025,-0.019333333,0.023355752,-0.187071429,-0.395857143,-0.006375,-0.023457172,-0.014,-0.330214286,0.016857143,0.004625,0.430641879,0.379928571,-0.006516363,-0.280583333,-0.029,-0.015857143,-0.011484846,-0.0075,-0.017333333,-0.006625,-0.295880678,-0.0165,-0.008166667,-0.012555556,-0.224416667,-0.023248023,-0.0095
cyp17a1,0.478743139,0.544,0.355625,0.3235,-0.675715374,-0.6385,-0.530125,-0.355875,0.456909404,0.26475,0.556375,0.019166667,0.3635,0.346421898,-0.034,0.543012047,0.698785714,-0.3985,-0.643142857,0.514095797,0.475428571,0.697714286,-0.488285714,-0.438973397,0.465357143,0.417214286,-0.403785714,0.443357143,-0.453660177,0.554214286,0.375711882,0.533166667,0.290833333,0.46575,0.561621923,0.401666667,0.628166667,0.602583333,-0.626047323,0.33075,0.289,-0.438166667,0.594583333,0.567295411,0.367333333
dgki,-0.205631222,-0.728,-0.085,-0.252875,-0.357084749,0.520125,-0.397125,-0.730125,-0.572235643,-0.69975,-0.741875,0.564625,0.232625,-0.670873674,-0.584125,0.512644694,0.583142857,0.612785714,0.693071429,0.380867149,0.442928571,0.363857143,-0.616357143,0.472144331,0.757142857,0.357,0.577071429,-0.279928571,0.441748879,0.577928571,-0.575629687,0.645833333,0.84775,0.666,-0.5562859,0.2785,-0.66375,0.655333333,-0.596342608,0.397916667,0.26625,0.563166667,0.00675,-0.52352684,-0.613833333
dgkz,0.1258587,0.2555,0.16225,0.259375,0.15658419,0.314375,-0.253375,0.645875,0.442394387,0.023333333,0.16175,0.309375,0.38225,0.154223363,-0.549875,0.009583392,0.009333333,0.001833333,0.009,0.008706727,-0.28,0.019333333,0.008375,0.014760496,-0.240571429,0.0205,-0.015666667,0.01475,-0.34783398,-0.0055,-0.009603224,-0.392666667,-0.314083333,-0.08175,-0.261212782,-0.38925,-0.025,-0.0072,-0.013369934,-0.237333333,-0.012,-0.28325,-0.499,-0.407304766,-0.015
doc2a,-0.389463292,-0.568375,0.735125,-0.201125,-0.426670999,-0.2195,-0.143875,-0.209875,-0.352805057,-0.3135,-0.57125,-0.61775,-0.733125,0.67356729,0.490875,-0.674442773,-0.474428571,-0.233571429,-0.0266,-0.438001544,-0.611785714,0.567428571,0.382785714,-0.322101094,-0.507071429,-0.416928571,0.426,-0.036,-0.425933762,-0.521,-0.391118127,-0.518416667,0.325833333,0.704083333,-0.47451082,0.234666667,-0.212833333,-0.455083333,-0.011343504,-0.471166667,-0.49275,0.486583333,-0.586916667,-0.373801002,0.28125
dpyd,0.162748222,0.439,0.27175,-0.541875,0.193510843,0.373625,-0.31825,0.58375,-0.565353384,0.096625,-0.299,0.092,0.259625,0.03325,0.271625,-0.285289203,-0.376642857,0.013,0.013333333,0.515712895,-0.270642857,0.449714286,0.461571429,-0.537697943,-0.313428571,-0.432285714,0.266357143,0.0174,0.428814801,0.022833333,0.016780131,0.0148,0.02675,0.324833333,0.408856261,0.163083333,-0.235833333,-0.231416667,0.427998612,0.277833333,0.258666667,0.355666667,0.447416667,-0.481887586,0.003
egr1,-0.109032675,-0.14275,-0.0275,0.0118,-0.146878729,-0.284,0.23475,-0.300875,0.244681881,-0.0035,0.107625,0.014,-0.12175,-0.153317463,-0.027875,0.028558466,0.419285714,0.023,0.01925,-0.312034434,-0.02425,-0.3965,0.279571429,0.331540091,-0.019833333,0.0312,0.024,0.002857143,-0.007811009,-0.176285714,-0.012234279,0.342083333,-0.0135,-0.127333333,-0.290639147,-0.356166667,0.357833333,0.014714286,0.007924301,-0.0015,-0.00625,-0.001545455,-0.00475,0.02425,0.0104
elfn1,-0.006395511,-0.00275,-0.007166667,-0.26575,0.208528313,0.00425,0.0104,0.27225,0.249932058,-0.0135,-0.001875,-0.00125,-0.0202,-0.154270941,-0.015125,0.009107583,0.008857143,0.0099,0.006833333,-0.0162285,0.00175,0.017,0.0055,-0.017340651,0.006,-0.009714286,0.0018,0.00725,-0.357762816,0.002125,0.018989528,0.00225,-0.009,-0.012555556,-0.034663743,-0.01,0.006,0.001,0.010858648,-0.2475,-0.027142857,0.009285714,0.0074,-0.017767502,0.011
ep300,-0.007955546,-0.092125,-0.009625,0.0065,-0.028722635,0.002142857,0.01175,-0.02225,-0.01511457,-0.007875,-0.0035,-0.0035,-0.018,-0.09657622,-0.004571429,0.023047325,0.011,0.028,0.01125,0.290333344,0.01975,0.00375,-0.216857143,0.36107297,0.289571429,0.227357143,0.01375,0.031,0.015,0.0228,0.02165574,0.432666667,0.013555556,0.236333333,-0.381533217,0.246166667,0.002444444,0.0025,0.019,0.006428571,0.0275,0.014166667,0.0104,0.001333333,0.00225
epc2,0.761204868,-0.439125,0.643875,-0.6595,0.631213853,0.558125,0.517625,0.744125,-0.422317604,0.395625,0.490125,-0.564125,-0.39375,-0.434584367,0.785,-0.442387934,-0.516142857,-0.422785714,-0.403214286,-0.527742304,0.395785714,0.393714286,0.418857143,0.541086433,-0.465285714,-0.349285714,-0.454214286,0.331571429,0.626284648,0.442642857,0.498457408,0.488916667,-0.461833333,-0.459666667,0.515425721,0.421583333,0.522833333,0.559583333,0.508148955,-0.81125,-0.332416667,-0.0166,-0.22225,-0.021,0.030833333
fam5b,0.007757205,0.177375,0.020875,0.21775,0.353005988,0.527,0.405625,-0.56725,0.278895016,0.010857143,0.0755,0.003625,0.108,0.66023577,0.61675,0.011738714,-0.024,-0.0142,-0.004571429,-0.009426591,-0.0068,-0.04175,0.387,0.457426601,0.243857143,-0.01675,-0.0332,-0.0076,-0.415916062,0.0184,-0.304448445,0.0075,0.520833333,-0.0274,-0.417053132,0.018,-0.307833333,-0.2185,0.419422595,-0.001666667,-0.380083333,-0.017666667,-0.0135,-0.380159706,0.314166667
fes,0.116397996,0.299875,0.273125,0.277,0.276195317,0.377,0.019857143,0.11075,-0.61962323,0.1905,0.399125,0.1575,-0.122625,0.339679162,0.421,0.414668077,-0.442928571,0.01475,0.460857143,-0.530141999,0.456285714,0.382285714,0.4655,0.448645937,0.00275,0.0215,0.541071429,0.0202,-0.416697556,0.534571429,-0.242148304,0.510416667,-0.401333333,-0.40425,-0.124353695,-0.016,-0.304666667,0.365416667,-0.287755463,-0.004571429,-0.024,-0.025166667,-0.293416667,-0.436744306,0.015833333
foxg1,0.000298822,0.001,0.001,0.001,0.019001763,0.006,0.001,0.00125,0.007280116,0.001,0.001,0.001,0.261625,0.028043869,-0.008571429,0.018903257,0.001,0.0041,0.001,-0.410156061,0.009,0.0134,0.001,-0.433168017,0.001,0.001,-0.006333333,0.002777778,0.345494173,0.0224,-0.010691038,-0.001166667,-0.002571429,-0.0037,-0.323218497,0.003125,0.0275,0.291833333,-0.005,-0.006142857,-0.0062,-0.436583333,0.15225,-0.406122065,-0.2245
foxg1het,0.491903666,0.48075,0.763625,0.757375,-0.703556588,0.4905,-0.596875,-0.51625,0.105109343,0.56725,0.315875,0.6435,-0.715375,0.570860782,0.737125,-0.015317347,-0.005,-0.00625,-0.021714286,-0.016118586,-0.439071429,0.375357143,0.477,-0.256897529,-0.0035,-0.292071429,-0.266714286,0.017,0.016987234,-0.01925,-0.014985097,-0.616333333,-0.209083333,-0.008571429,-0.015794246,-0.0017,-0.004111111,-0.322916667,-0.403037185,-0.006125,-0.623083333,-0.270666667,-0.007,-0.009418256,0.0132
fpgt,-0.130331646,-0.361875,-0.076875,-0.73675,-0.151743631,-0.233,-0.33975,-0.145125,-0.413573608,-0.24025,-0.198875,-0.162625,-0.0188,-0.359790521,-0.01225,0.014471189,0.014,0.266071429,0.009444444,0.011605576,-0.015,-0.024,-0.234285714,0.4176522,0.198928571,-0.229285714,0.022,0.00975,0.008266397,0.297857143,-0.00745453,0.4905,-0.004,-0.008272727,-0.007688124,0.0048,-0.008111111,-0.001,-0.004845168,-0.004625,-0.343,-0.25125,-0.00975,-0.001155043,0.231166667
ftcdnl1,0.718569336,0.64,0.115375,0.339125,-0.166524882,0.2635,-0.50375,-0.136,-0.476884801,0.257375,0.76375,-0.514125,-0.215875,0.39298926,-0.498,0.385961571,0.584285714,0.449785714,-0.460428571,0.451967967,0.5855,0.341,0.3105,0.520493189,0.004,0.294571429,0.01275,0.338142857,0.464710659,0.0125,-0.371090531,0.371833333,0.374166667,0.44475,-0.35559161,0.485166667,-0.388583333,0.41375,0.280420636,-0.012,0.462833333,-0.006125,0.011555556,0.454013231,-0.309916667
fut9a,-0.75389436,0.798875,-0.394875,-0.58525,0.650058061,-0.56825,0.6295,-0.537125,0.673967729,0.753375,0.787875,0.643875,-0.501375,-0.627552376,-0.6525,0.408069203,0.587142857,0.3975,0.617785714,0.630402601,0.427,0.466,0.273428571,0.501484622,0.534571429,-0.4005,0.450214286,0.410428571,0.312837971,0.594642857,0.367588623,0.471166667,0.293333333,0.2755,-0.755925149,-0.737083333,0.5895,0.412583333,0.391208178,0.26075,0.40075,0.422583333,-0.572666667,-0.733942496,-0.344666667
fxr1,0.177951272,0.544875,0.08675,0.404625,0.386550231,0.461875,0.33325,-0.56925,0.553031989,0.149,0.0212,0.6415,0.185625,0.387654988,0.191125,-0.028123496,0.282428571,0.021,0.341928571,0.273826002,0.343214286,0.314357143,0.496357143,0.379448062,0.525214286,-0.01275,-0.338571429,-0.229071429,-0.551217323,-0.342071429,0.461745609,-0.648916667,-0.022333333,-0.0342,-0.483632043,-0.385166667,0.299666667,-0.436,-0.487070597,-0.01925,-0.431916667,-0.592166667,0.510666667,-0.370214673,0.480166667
galnt10,-0.202744293,-0.74025,-0.276,0.612375,-0.428045645,-0.2485,-0.187125,-0.27675,-0.392166541,-0.146,0.39075,0.519625,0.522,-0.545070717,-0.017,-0.670410093,-0.389285714,-0.610571429,-0.385857143,-0.646431098,-0.340428571,-0.5765,-0.372214286,-0.672292592,-0.785285714,-0.465714286,-0.437214286,0.473357143,-0.701477418,0.4775,-0.607402325,-0.375083333,0.522166667,-0.608583333,-0.637061497,-0.3575,-0.271,-0.338583333,-0.684305756,0.652083333,-0.459166667,-0.557333333,-0.606916667,0.281490276,0.422166667
gatad2a,-0.217988589,0.59025,0.272625,0.016333333,0.520957621,-0.20675,-0.00925,-0.31975,-0.313752758,-0.48,-0.216375,0.6765,-0.032,0.141333068,-0.090625,-0.320079488,0.432071429,-0.426857143,-0.277857143,-0.411363819,-0.412571429,-0.01075,-0.412,-0.475369346,0.424071429,0.491428571,0.500357143,0.02,-0.437857647,0.5505,-0.01690862,-0.4645,-0.018333333,-0.005555556,-0.013552733,-0.02,-0.016285714,-0.0098,-0.02025,-0.015,-0.521083333,-0.245,-0.016833333,-0.009919303,-0.0045
gigyf2,-0.30727833,-0.001,0.66775,0.288,-0.199408053,-0.403375,-0.325625,-0.4995,-0.363862227,-0.2475,0.13175,-0.180375,0.325,0.362503967,0.577,-0.001274236,0.01625,0.016125,-0.013833333,-0.382612361,-0.013857143,-0.0085,0.002833333,-0.010656038,0.0142,0.314928571,-0.0132,0.004,0.356322069,-0.0085,0.00310427,0.00125,0.003857143,-0.002777778,0.416530934,-0.244,0.002,0.0256,0.0015,0.006555556,-0.0155,0.2715,-0.010875,-0.005318809,0.003875
glt8d1,0.275412683,0.496,0.2505,0.065,0.345817825,0.493375,0.203375,0.533125,0.145233635,0.424125,0.094375,0.491,0.332125,0.011954401,0.344125,-0.435973449,-0.358357143,-0.430357143,-0.490928571,0.380679523,0.481928571,-0.4455,-0.454,-0.310836602,0.379357143,0.399857143,0.2945,0.0165,-0.299355782,-0.421714286,-0.315279373,-0.02125,-0.287083333,-0.0204,-0.149818035,-0.499,-0.486916667,-0.514416667,-0.432716873,-0.276583333,-0.207416667,-0.438,-0.220583333,0.560486119,0.285833333
gpm6a,0.027007167,0.026,0.145125,0.013,0.252915916,0.014666667,0.214375,0.19175,0.375591116,0.008333333,0.013833333,0.0215,0.199,0.273354532,0.0185,0.318807794,0.005,0.009166667,0.0045,-0.305323151,-0.02725,0.356142857,0.370428571,0.329798089,0.315785714,0.020333333,-0.02375,0.009222222,-0.031873843,-0.0282,-0.312293105,-0.010857143,0.193583333,0.0048,0.202604324,-0.247083333,-0.0015,-0.0255,-0.003,-0.0095,-0.0234,-0.0224,-0.004333333,-0.019932552,-0.017285714
gramd1b,0.031408184,0.299625,0.011,0.111875,0.238814948,-0.374875,0.016,0.395875,0.331371282,-0.29325,0.024875,0.092,0.1255,-0.223214867,0.394,0.023345783,0.011166667,0.008,-0.302357143,-0.360646396,-0.0262,-0.422571429,0.323571429,-0.390904903,0.0162,-0.003714286,-0.0172,-0.014555556,0.42481058,-0.233285714,0.007932305,0.001285714,0.007777778,-0.014,-0.348847097,0.238416667,0.17125,-0.006,-0.310478478,0.00175,0.0225,0.0175,-0.175083333,-0.264816626,-0.015833333
gria1,-0.314202283,0.141875,-0.308625,0.070125,-0.324001933,-0.270875,-0.1235,-0.228625,0.364408733,0.2885,0.01925,-0.232,0.0162,0.327745515,0.404625,-0.343387246,-0.401,-0.279571429,0.01325,0.398280054,0.283857143,0.0035,0.364142857,0.374416442,0.306571429,-0.269571429,0.3005,-0.015333333,-0.304748421,-0.0044,0.175490739,-0.002166667,0.003285714,-0.2715,0.025650634,0.016428571,0.0145,0.014,0.402695225,0.0145,-0.0144,0.005,0.020166667,0.343685165,0.001142857
grin2a,0.011929799,0.013428571,0.009666667,0.0365,0.010155058,0.003571429,0.2525,0.011,0.010549312,0.001625,0.007,0.0665,0.03075,0.026099117,-0.129,-0.014788045,-0.010833333,-0.00625,0.0115,-0.025441291,-0.039833333,0.422071429,-0.0088,-0.335285409,-0.01325,-0.0045,0.218714286,-0.0315,-0.014081514,0.01225,0.33937269,0.006142857,0.0215,0.353416667,0.00575,-0.0075,0.0096,0.0105,-0.025,0.399583333,0.255416667,0.009555556,0.0085,0.01475,0.004428571
grm3,-0.111027048,-0.01075,-0.082625,0.491125,-0.318892199,-0.2925,-0.00875,-0.2235,-0.143579952,-0.064625,-0.027142857,-0.02475,-0.595375,-0.616579717,-0.334,0.390668879,0.2615,0.02975,0.412785714,0.405662054,-0.358928571,-0.332642857,-0.312285714,-0.46995181,-0.417357143,-0.0045,0.019,0.3375,-0.023563992,-0.473714286,-0.329014025,-0.458,0.1485,0.346666667,-0.442683887,0.249916667,0.414833333,0.313166667,-0.311655238,-0.353416667,0.562333333,0.3375,0.308916667,0.014,0.3035
gtdc1,-0.681221653,0.0178,-0.420625,-0.67025,-0.731844318,-0.437125,-0.241375,-0.6595,0.71479005,-0.392875,0.4035,0.108375,-0.809625,0.609552557,-0.488125,-0.502782372,0.591285714,-0.605357143,-0.459428571,-0.568586805,-0.3625,-0.4985,-0.598142857,0.414773341,0.591928571,-0.0246,-0.359785714,-0.545857143,0.481349624,-0.017,0.475859542,-0.675166667,0.41875,0.314333333,0.214291499,0.389,0.638916667,0.55175,-0.586014757,0.429083333,0.487416667,-0.665083333,0.415583333,0.373229863,-0.371916667
hapln4,0.155186447,0.441625,0.12575,0.01175,0.371811634,0.7045,0.31275,0.619,0.5015709,0.213375,0.40325,0.174875,0.55775,0.311931461,0.377875,0.647012712,0.533285714,0.410214286,-0.561285714,0.510176568,0.392714286,0.467857143,0.401571429,0.459744334,0.628571429,-0.478071429,0.536571429,-0.4455,0.590886293,0.493857143,-0.430170835,-0.011666667,-0.305833333,-0.224583333,-0.543724151,-0.377916667,0.57575,-0.0305,-0.518801667,0.304333333,0.382416667,0.0238,0.28025,-0.410364692,-0.37975
hcn1,-0.011342845,-0.463625,-0.132125,-0.087625,-0.0015,-0.33925,-0.009,-0.001,-0.00752287,-0.001,-0.007625,-0.00325,-0.00375,-0.01828247,-0.381125,0.438071209,0.005555556,0.011875,0.006777778,0.538909233,-0.309642857,-0.0144,0.362071429,-0.419446222,0.2935,0.00525,0.0036,0.0312,0.010566995,-0.261428571,-0.013948813,-0.525083333,-0.006428571,-0.00275,-0.013274181,-0.208833333,-0.01,-0.00675,-0.004056735,-0.02375,-0.0114,-0.018,-0.005875,-0.019141392,0.534083333
immp2l,0.433015242,-0.377375,-0.3555,0.467375,0.0035,0.2765,0.0155,0.568875,0.533930248,0.118875,-0.4075,0.407875,-0.549375,0.29905199,-0.334125,-0.415396858,0.00925,-0.374285714,-0.451285714,0.318157289,-0.439642857,-0.529285714,-0.586785714,-0.529069278,0.307428571,0.593571429,0.025,-0.354571429,0.489557467,0.608785714,0.429507355,0.496,0.582416667,0.574166667,-0.366436084,0.60725,-0.442583333,-0.367,0.608971989,0.342666667,0.03725,0.03275,0.0105,0.329610291,0.41825
ina,-0.443579856,0.064875,-0.34775,-0.238375,0.524551486,0.017428571,0.024666667,0.134,0.277624546,0.32025,-0.151625,-0.33225,-0.240625,-0.235768736,0.200875,-0.548663386,0.404428571,-0.428071429,0.315642857,0.389936868,0.496,0.438285714,-0.613714286,-0.322827861,-0.395714286,-0.02525,-0.446428571,0.363642857,0.325195018,-0.0315,0.462351868,0.389916667,-0.547333333,-0.413333333,-0.033896607,-0.300833333,-0.456916667,-0.380333333,-0.507859549,0.440166667,0.305583333,0.505666667,-0.011888889,0.274282671,0.343416667
ireb2,-0.144674096,-0.006,-0.01125,-0.300625,-0.107673951,-0.01375,-0.225375,-0.121625,-0.184624216,0.002,0.004714286,0.1955,0.351125,-0.596655476,-0.0665,0.030738526,0.007571429,-0.001,0.0055,-0.020872717,-0.310785714,0.336785714,0.474714286,0.387257099,-0.01475,-0.3415,0.519928571,0.01225,0.224782663,0.341571429,-0.260021904,-0.009833333,0.00375,-0.38025,-0.211312691,0.001111111,0.162083333,0.00625,-0.0055,-0.0305,-0.150166667,-0.306833333,-0.01275,-0.02428757,-0.0015
kcnj13,0.544458427,-0.725875,-0.712,0.57375,0.44755603,0.021166667,0.38,0.40475,-0.537616106,0.373375,0.576625,0.632,0.663,0.611208182,0.203,-0.581755617,-0.678214286,0.621071429,-0.548928571,-0.481893016,-0.459428571,-0.640857143,0.456928571,-0.62661756,0.535857143,0.562785714,0.310428571,0.197714286,-0.388588807,0.377571429,0.757114276,-0.53325,0.558416667,-0.68825,0.655361316,0.54325,-0.69825,0.01825,0.548154903,0.257166667,-0.73225,-0.652333333,-0.3515,-0.627955499,-0.427333333
kcnv1,-0.718574504,-0.268125,-0.459375,0.537625,0.462442533,0.6515,-0.5225,-0.669125,-0.669179588,-0.12375,-0.528625,0.62325,0.7255,-0.248995884,0.59625,0.346263238,-0.552428571,0.573571429,-0.519285714,-0.522480882,-0.499928571,-0.659428571,-0.481142857,0.341924052,0.380071429,0.0324,-0.630428571,0.519071429,0.347511901,-0.0298,-0.143113112,-0.478583333,0.502666667,-0.0245,-0.53517379,-0.637333333,-0.67025,-0.0315,-0.007853573,-0.0246,-0.439833333,-0.424416667,-0.348833333,-0.301636196,-0.308916667
kctd13,-0.738261187,0.67,0.771125,-0.562125,0.531092221,-0.4165,0.5395,0.599375,0.489644687,-0.02675,-0.624375,-0.46175,-0.748125,0.331734799,0.0168,-0.667468891,-0.691142857,-0.014285714,-0.497857143,-0.475166231,-0.431642857,0.482928571,0.578785714,-0.487046282,-0.678571429,-0.412428571,-0.437428571,0.519642857,-0.432503901,0.505,0.198986176,-0.553666667,0.260583333,-0.545416667,0.539991031,-0.447833333,0.582583333,0.583083333,0.415013467,0.029166667,0.024875,0.018777778,0.016,-0.315205739,0.5145
kif5c,0.273942661,0.01,0.37825,0.43225,0.290818626,0.469375,0.345375,0.4895,0.560077918,0.405,0.3295,0.503125,0.282125,0.344588362,0.564375,-0.641310146,-0.541785714,-0.563428571,-0.354642857,0.543071269,0.642285714,-0.520142857,0.632071429,0.571225218,0.615142857,-0.476571429,0.486642857,0.404428571,0.403351211,-0.421571429,0.234018741,-0.729083333,0.693416667,0.433416667,0.486785605,0.337416667,0.541,0.276916667,0.449052929,0.007,0.0228,0.021333333,0.51725,0.51988283,0.022285714
klc1,-0.475200823,-0.1005,0.248875,0.649,-0.503299869,-0.0188,-0.002333333,-0.27725,-0.516045149,-0.544625,0.23275,0.679625,-0.685625,-0.142857536,-0.00725,0.341174614,0.433428571,-0.361357143,-0.414928571,-0.442871869,0.441714286,0.332357143,-0.431,0.600102724,0.542928571,-0.608214286,0.572714286,-0.296214286,-0.468771123,0.344,0.426817663,0.770583333,-0.249,0.50975,0.422636331,0.237333333,0.4055,0.02675,0.350895255,-0.044,0.582416667,0.61725,0.428833333,0.528945437,-0.393916667
kmt2e,-0.005605175,-0.11875,-0.002833333,-0.003625,-0.258306328,-0.0104,-0.005,-0.108375,-0.068872947,-0.015857143,-0.0045,-0.002714286,-0.001142857,-0.000615608,-0.0035,0.002262453,0.005,0.001125,0.003666667,0.007034091,0.2715,-0.321642857,0.255714286,0.023411689,0.003833333,0.001875,0.0019,0.0038,0.002302329,0.006,0.00799343,-0.005,0.007714286,0.006166667,0.003609656,-0.454916667,0.013,-0.021375,-0.009723136,-0.406416667,0.018,0.00475,0.001571429,0.007718587,0.0138
lrriq3,0.192955842,0.347125,0.384375,0.174625,0.533814955,0.286375,0.01275,0.46325,0.356654225,0.336,0.595625,0.455875,-0.602375,-0.570433687,-0.636125,0.457081977,0.602142857,-0.409142857,-0.495071429,-0.586102859,0.430714286,0.5,0.325928571,0.618899517,-0.545142857,0.01625,-0.4005,0.382,0.446404953,0.494285714,0.601190775,0.58225,0.45225,0.418333333,0.601295541,0.340083333,-0.0275,-0.481666667,0.335202585,0.50025,-0.197083333,-0.37725,-0.344,0.382292976,0.266
lrrn3,-0.004110124,-0.015285714,-0.00425,-0.012625,-0.008591413,0.0024,-0.003125,0.0845,-0.309062625,0.008,-0.004571429,-0.008,-0.009,0.157711763,-0.0025,0.02693446,-0.0134,0.0175,0.0175,-0.254552022,-0.0088,-0.00125,-0.02325,-0.383426894,0.00925,0.0065,0.02525,0.02175,-0.363066557,-0.0306,-0.019944844,0.011625,-0.009875,0.0035,-0.036818447,-0.0085,-0.014714286,0.0065,-0.0055,-0.002125,-0.0042,0.03625,-0.023714286,0.032905655,0.001
luzp2,-0.26797968,0.35225,-0.218875,0.1505,0.499862505,-0.516625,0.48225,0.16675,-0.602880921,-0.294875,-0.02175,0.021,-0.6165,0.298684093,-0.570125,-0.301445184,-0.0059,-0.0264,-0.026,-0.409424777,-0.017375,-0.509428571,-0.467928571,-0.403973355,-0.00675,-0.02025,-0.411857143,-0.4285,0.490097319,0.541285714,-0.382184827,0.54175,0.314666667,-0.412166667,-0.656564597,-0.30675,-0.374666667,-0.22675,0.229410065,-0.2665,0.485666667,-0.380666667,0.401083333,-0.017225279,0.295833333
mad1l1,-0.105384714,-0.0075,-0.01925,-0.070875,-0.346345537,-0.266875,-0.198625,-0.172625,-0.28204474,-0.1295,-0.15375,-0.093625,-0.09275,-0.389716303,0.355625,-0.421355459,0.364214286,0.470642857,0.013,-0.486135098,-0.311928571,0.398785714,0.370142857,0.489187576,-0.3145,0.316214286,-0.04125,-0.0146,-0.278633881,-0.365357143,0.225334023,0.33275,0.384333333,-0.50675,-0.460794477,0.0275,-0.316416667,-0.216583333,-0.377435178,0.013833333,0.31025,0.011888889,0.320916667,-0.330263005,0.014142857
man2a1,-0.730608944,-0.190125,-0.124125,-0.5285,-0.018970185,0.245,0.01325,0.38025,-0.589171655,-0.19125,0.79125,-0.022333333,-0.22425,-0.537195134,0.064625,0.435852666,0.476928571,0.492642857,-0.409,-0.451776596,-0.385214286,0.419,-0.347071429,-0.5180925,-0.655714286,-0.496785714,0.471071429,0.373285714,0.50358479,-0.501714286,-0.517667948,0.484833333,0.39825,0.364833333,0.730462871,-0.595333333,0.30875,0.001666667,0.496678405,0.456916667,-0.6175,-0.271833333,-0.00975,-0.022963891,-0.0235
man2a2,-0.088714803,-0.0104,-0.07925,0.194125,0.232169708,0.335,0.205,-0.48125,-0.475742261,-0.006142857,-0.014857143,-0.0386,-0.114,0.016896722,-0.238375,0.008037708,0.004111111,0.006,0.003875,0.011701121,0.365428571,-0.0142,0.298928571,0.006920902,0.021714286,0.011307692,0.012625,0.009125,0.011693108,0.012333333,-0.010256224,-0.008666667,-0.019333333,-0.004,-0.339610514,0.2525,-0.01,-0.01025,-0.206361082,-0.007363636,-0.262833333,-0.319916667,0.457166667,0.02325,0.002888889
mbd5,0.460626768,-0.71975,0.667375,0.095,-0.466151277,0.537,0.3825,-0.597125,-0.350978861,0.70075,0.487,0.518625,0.239375,0.488507299,0.5785,-0.454161929,0.019,-0.524,-0.301214286,-0.392026931,0.494,-0.467285714,0.476214286,-0.545066422,-0.465214286,-0.577142857,0.428071429,-0.278428571,-0.528187602,-0.486714286,0.348271331,-0.013,0.425666667,-0.535,-0.439889996,-0.32225,-0.459916667,-0.377333333,0.441099196,0.290083333,0.260666667,0.27925,0.432083333,0.502437389,0.540083333
mdk,0.238546892,-0.443875,-0.630625,0.1205,-0.548500119,0.378,-0.397125,-0.37775,0.411554114,-0.007166667,-0.0085,0.003285714,-0.0895,-0.372401648,-0.444625,0.011550401,0.0175,-0.437857143,0.024,-0.407633845,-0.227642857,0.0335,-0.2295,0.029717095,0.013,0.007428571,-0.01,-0.299714286,-0.412353403,-0.304,-0.251522103,0.320083333,-0.026,-0.01375,-0.469921119,-0.24875,-0.397416667,-0.328666667,0.451951989,-0.013857143,-0.268583333,-0.51,0.015125,0.630325451,0.3235
mir137,0.471454404,0.5955,0.1685,0.691875,0.385191655,0.483375,-0.029142857,-0.319375,-0.486076978,0.55875,0.19075,0.575375,-0.44925,0.0025,-0.372625,0.02463493,0.009857143,0.261357143,0.00225,0.473423151,-0.520785714,-0.671142857,-0.5005,0.549697705,0.019857143,0.496571429,0.501428571,0.280071429,0.491826571,0.210714286,-0.012820371,0.668,-0.009,-0.5315,-0.239620623,0.03075,-0.009333333,-0.286333333,0.366278764,-0.011333333,-0.00925,-0.01925,-0.346916667,-0.229394494,-0.017222222
mmp16,0.153799205,0.018,0.0162,-0.0168,-0.41695507,0.330125,0.0154,0.2495,0.346932063,-0.314625,-0.031,-0.201375,0.30775,0.469506532,-0.112,0.24370625,-0.311928571,0.0295,0.0025,-0.315418795,0.307857143,0.397857143,-0.302071429,-0.03473753,0.295428571,0.340357143,0.362285714,0.006888889,0.396656327,0.019333333,-0.014877558,-0.006857143,-0.0315,-0.019,-0.206570271,-0.452583333,-0.01225,0.001,0.025679936,-0.023,-0.009666667,-0.0065,-0.007142857,-0.017362587,0.001833333
nab2,0.306485209,0.170875,0.51075,0.454375,-0.536274595,0.11775,-0.355625,0.608125,-0.500881905,0.0925,0.57325,0.442625,-0.3755,0.018662463,-0.468625,-0.598145541,-0.359142857,0.442714286,0.292642857,-0.448170569,-0.016,-0.452142857,-0.515142857,-0.386158653,-0.548142857,0.590214286,0.382928571,0.039,0.479366387,0.293928571,-0.230216064,-0.504083333,-0.02125,-0.00675,-0.618382059,-0.276583333,0.019,0.625,-0.327880913,-0.392166667,-0.0115,-0.023,-0.187416667,-0.034221084,-0.323083333
ncan,0.373180647,0.3895,0.368,0.326375,0.31490064,0.42925,0.396,0.0245,0.363316278,0.1355,-0.174125,0.145875,-0.011142857,0.373553861,0.53725,-0.335896644,-0.338785714,-0.025857143,-0.019,0.484791278,0.245714286,-0.310357143,-0.432642857,-0.517672438,-0.226214286,0.327357143,-0.544857143,-0.014,-0.442434151,0.462071429,0.279730581,0.607083333,0.28,0.017,-0.261028832,-0.374916667,-0.446,0.379166667,0.418144287,0.501833333,0.360083333,0.0295,0.317583333,0.010331102,-0.308333333
nck1,-0.10553886,-0.41725,-0.250875,-0.199125,-0.430442404,-0.244375,-0.011,-0.287125,-0.093829354,-0.272875,-0.183375,-0.15275,-0.378375,-0.468664937,-0.179625,-0.384180277,-0.571642857,0.525857143,-0.401571429,0.273901973,-0.377571429,-0.468642857,-0.396142857,0.411761622,0.647857143,0.435642857,0.507,0.260642857,0.458571881,-0.0075,-0.451818675,0.704,-0.191333333,-0.021166667,-0.372994465,0.006444444,0.0405,-0.013125,0.42590793,-0.002833333,-0.41375,-0.365,-0.011111111,-0.460760847,-0.006375
negr1,-0.203746326,-0.64625,-0.62275,-0.564625,-0.574121676,0.5205,-0.31375,-0.51675,-0.465446252,-0.438125,-0.31725,-0.580625,0.56625,-0.338965406,-0.365875,-0.612954747,-0.5505,0.473785714,0.628785714,0.585434028,0.552571429,0.375571429,0.786928571,0.610171679,-0.598785714,-0.495214286,-0.251571429,0.506071429,0.594730934,-0.396285714,0.468184664,-0.373833333,0.476416667,0.42925,0.496745978,-0.687666667,-0.406833333,-0.430416667,-0.428752925,-0.542166667,-0.679,-0.5665,0.512166667,0.453886054,0.6165
nfkb1,-0.763816587,0.5215,0.665875,-0.1325,-0.360911421,0.43175,-0.1985,-0.550125,0.354753778,0.258,-0.219125,-0.2175,-0.3345,-0.101156236,-0.440625,-0.443323599,-0.3865,-0.439857143,-0.518857143,-0.408332226,-0.408285714,-0.402,-0.011666667,-0.346708079,-0.481285714,-0.454642857,-0.470214286,-0.570214286,0.328548588,-0.458285714,0.44487661,0.680166667,-0.590083333,0.46675,0.573832879,-0.60725,0.367166667,-0.465916667,-0.490654137,-0.3755,0.524583333,-0.63025,0.499166667,-0.258362833,-0.014
ngef,0.631983808,0.40575,0.78625,-0.309875,0.385047903,0.518375,-0.6035,0.504125,-0.586546317,0.7385,0.681625,0.0075,0.705625,-0.586439515,-0.6645,-0.833153474,-0.5605,0.580357143,0.636214286,-0.481884671,-0.481142857,-0.438714286,-0.423,0.583171063,0.602142857,-0.707642857,-0.5275,0.543428571,-0.514795989,0.6455,0.849352788,0.601,0.692333333,-0.750083333,0.632079186,0.587833333,-0.570166667,0.632083333,-0.589591422,0.70525,-0.676916667,-0.524333333,-0.576166667,0.585450111,0.394083333
nrgn,-0.677087747,0.423,0.719625,-0.49975,0.254992399,0.578875,-0.423375,0.6465,0.589855701,-0.53325,-0.39975,-0.241875,0.40325,-0.472110494,0.39475,-0.350464118,-0.401928571,-0.311,0.2875,0.401065275,-0.38,0.282785714,0.406857143,-0.479529264,0.272642857,0.392857143,0.280571429,-0.02,0.384573841,-0.329142857,0.410599904,0.290666667,-0.477,-0.397,-0.279338931,0.318416667,0.0238,0.354916667,0.433455894,0.405833333,-0.483583333,0.00675,-0.005,0.0375,-0.013625
ntm,-0.091619565,-0.176375,0.351,-0.578875,-0.345133266,0.454625,-0.0275,0.024,-0.408858661,-0.08175,0.10925,-0.18925,-0.01825,-0.017603772,0.012,-0.015256849,-0.014375,-0.250857143,-0.024,-0.360200984,-0.0235,0.014166667,-0.01675,0.274936495,0.406357143,-0.009666667,-0.013571429,-0.01725,0.027517293,-0.01125,0.267514599,0.248333333,0.264583333,0.04125,0.269409128,-0.217333333,0.006,0.36425,-0.318195024,0.003625,0.02,-0.237333333,-0.0025,0.018,0.01
nxph4,0.385907126,0.415125,0.5555,0.34625,0.498041567,-0.638625,0.552875,-0.61475,-0.528958561,0.301125,0.144375,-0.570875,0.652375,0.022802726,-0.564125,-0.413851669,-0.411785714,-0.023142857,-0.402642857,-0.587023011,-0.539642857,-0.0145,0.340571429,0.55127877,-0.01475,-0.524071429,-0.011,-0.442,-0.465156854,0.363285714,-0.406909527,-0.344416667,-0.184416667,-0.516833333,-0.455705731,0.2895,0.469416667,0.310833333,-0.423961864,-0.400333333,-0.574666667,-0.567083333,-0.62125,-0.295223377,-0.0126
ogfod2,0.486943082,0.513125,0.521375,-0.516375,-0.631137386,0.4925,-0.517,0.600375,-0.566307293,0.323,-0.768625,0.468875,0.701125,0.496112694,0.809375,0.422025886,-0.334285714,0.524357143,-0.395642857,0.014729343,0.548357143,0.380428571,-0.509285714,-0.524004463,-0.711285714,-0.720142857,0.659857143,0.405928571,-0.61757522,0.567857143,-0.509465361,-0.544,0.636,0.693333333,-0.576863836,0.442083333,-0.4255,-0.418083333,-0.597071561,-0.363416667,-0.600583333,-0.2675,0.675,-0.700178015,0.33225
otud7b,-0.016670303,-0.423875,-0.44875,0.405375,-0.41058504,-0.1895,-0.090125,-0.39825,-0.440800354,0.411,-0.0132,-0.607125,-0.325375,-0.331726188,-0.194625,0.634328109,-0.590857143,0.590357143,-0.584785714,0.408054951,-0.435428571,-0.556142857,0.333428571,-0.540331867,-0.472214286,0.543642857,0.017166667,-0.463714286,0.431591861,0.330214286,-0.166276314,-0.014142857,-0.310916667,-0.202583333,-0.439949381,0.3815,0.022166667,0.024428571,-0.372581342,-0.013428571,-0.0234,-0.0162,-0.007333333,-0.020960508,-0.265
pak6b,0.23980784,0.237,0.53075,0.3765,-0.43992934,0.25075,0.509,0.4675,0.491965307,0.464,0.076625,-0.699875,-0.741625,-0.465988157,0.312625,-0.477308509,-0.634357143,-0.714,-0.486857143,0.545850425,-0.587357143,0.435928571,-0.691214286,0.591573618,0.438714286,-0.248,-0.505785714,-0.521142857,-0.540797857,-0.434428571,0.628508123,-0.659083333,0.55675,0.669083333,-0.486843813,0.550833333,-0.541916667,-0.559666667,-0.574069609,-0.553,0.519583333,0.613666667,0.706416667,0.614841929,-0.261416667
pitnm2,3.73281E-07,0.001,0.001,0.001,0.010187888,0.007875,0.001,0.00425,0.012434731,0.001,0.001,0.001,0.286375,0.214419448,0.0038,-0.001378133,0.005333333,-0.00575,0.430571429,-0.493294374,0.007375,-0.001,-0.0015,-0.020668511,-0.005363636,-0.005416667,-0.002875,-0.00425,-0.017016233,-0.003090909,-0.002022577,-0.0065,-0.005272727,-0.002166667,-0.002756106,-0.278833333,-0.0025,-0.011,-0.006787474,-0.003363636,-0.013333333,-0.0029,0.00625,-0.008827963,0.0084
plch2a,-0.900782341,-0.829,0.5685,0.836375,-0.644302643,-0.635625,-0.705125,0.4595,-0.613666636,-0.67075,-0.206375,0.6115,-0.852125,-0.41895228,0.404,-0.460222552,-0.456357143,-0.632142857,-0.455785714,0.561894947,-0.564714286,-0.292285714,-0.376,-0.518942642,-0.542928571,-0.543785714,0.547857143,-0.403,-0.589228577,0.484357143,-0.226804405,-0.35,-0.353666667,0.411083333,0.525149629,0.004,0.004,-0.4875,0.6131076,0.54375,0.670166667,-0.0222,-0.320416667,-0.66804446,0.5805
plcl1,0.11121459,0.668875,0.02775,0.021833333,0.433128033,0.5755,-0.476875,0.5455,0.413358737,0.129125,0.167125,-0.12075,0.012333333,0.33658987,-0.389625,-0.555169916,-0.489428571,-0.0124,-0.0255,-0.432052728,0.561857143,-0.406857143,0.440857143,0.298194552,0.487214286,-0.414285714,-0.408928571,-0.305142857,0.028082056,-0.3805,0.449087699,-0.732166667,0.40175,0.309833333,-0.308227545,0.417666667,0.321166667,0.3345,0.367971259,0.380916667,0.470333333,0.003375,0.320333333,0.333990613,-0.239666667
ppp1r16b,0.119804239,0.683,0.0345,0.35775,-0.622500079,-0.427375,0.22525,0.5765,-0.250716312,0.04825,-0.74625,0.572375,0.680875,0.662415041,0.631375,0.51400593,0.432357143,0.014,0.348285714,0.407609937,0.416785714,0.748642857,0.401642857,-0.572345353,0.546,0.520285714,-0.7035,0.594857143,0.40518126,-0.601142857,-0.634013888,-0.769166667,-0.01925,0.658416667,0.483999654,-0.500583333,0.671416667,0.70825,0.528707595,-0.3875,0.556416667,0.248916667,-0.486666667,0.272118394,-0.439916667
ptn,0.934632919,0.308625,-0.803,0.842,0.674936234,0.356875,0.619375,0.6465,-0.442091526,0.646,0.5445,0.50425,0.208,0.381392528,-0.57825,-0.634460206,-0.450785714,0.747142857,0.376071429,-0.567036465,0.559928571,0.638214286,-0.5435,-0.596354359,-0.772928571,-0.494214286,-0.631714286,-0.686857143,0.484073893,0.322,0.712569842,0.4055,-0.31425,-0.317583333,-0.545658873,0.524666667,0.8035,-0.1715,-0.457061938,-0.55075,-0.699666667,0.764583333,0.3755,0.294464738,-0.3175
ptprf,0.00844279,0.43275,0.00625,0.024,0.100180104,0.35275,0.081125,-0.46475,0.363051102,0.0015,0.026,0.006714286,-0.096625,-0.237667,0.012285714,0.002815265,0.0275,0.0045,-0.00375,-0.339553357,-0.310357143,-0.325285714,0.0115,0.288967201,-0.234071429,-0.015,-0.01425,0.017875,0.344191795,-0.01725,0.013059057,0.001,0.0024,-0.019,0.0024,-0.0095,-0.223916667,-0.181,-0.019688164,0.001666667,0.011857143,0.1705,0.010888889,0.017613615,0.0043
r3hdm2,0.666686004,-0.455375,0.780625,-0.022,-0.312132743,0.710375,0.005,0.119,-0.430263647,0.5185,0.471875,0.025571429,-0.652625,-0.447178007,0.277,-0.440406139,-0.012666667,-0.320785714,-0.373,-0.428812839,-0.255428571,0.545357143,-0.726142857,-0.651539153,-0.341857143,-0.367142857,-0.011333333,-0.013833333,-0.51059284,-0.542142857,0.540066357,0.40175,-0.31825,0.3585,-0.348451429,0.589333333,0.53,-0.534333333,-0.428629614,-0.694583333,0.595666667,0.01225,0.008,0.017379309,-0.013714286
rgs6,-0.550484598,0.507875,0.46325,0.0282,-0.33557693,0.429,0.0172,-0.164125,0.374892818,-0.205875,-0.138375,0.367625,-0.093,-0.337994531,0.455375,0.018789972,0.345357143,0.005,0.394214286,0.391460019,0.391428571,0.00875,0.293428571,0.394437765,0.245857143,0.011166667,0.00875,0.00725,0.02090893,0.0205,-0.023371635,-0.220583333,-0.0186,-0.00525,-0.290739874,-0.408166667,-0.00325,0.0238,-0.299756909,-0.40725,0.367333333,-0.250666667,-0.017285714,0.358770706,-0.014666667
rora,-0.208324508,-0.2165,-0.0225,-0.008625,-0.28463703,-0.359125,-0.146375,-0.018,-0.383432154,-0.564125,-0.219125,-0.18725,-0.168375,-0.01965711,0.0222,0.010462538,0.008375,0.0031,0.0022,0.008645188,0.014,0.006,0.0194,0.345573371,0.0155,0.016571429,0.027285714,0.002875,0.333133331,0.0045,0.30549792,-0.56375,0.0062,0.006333333,0.014797176,-0.192,0.37625,-0.231083333,-0.390780815,-0.565333333,0.0112,0.524833333,0.188416667,0.037071524,-0.256416667
satb1,0.19107978,0.079125,0.017428571,-0.21225,0.245802852,-0.238125,-0.003166667,0.0075,-0.24036344,-0.002428571,-0.088,-0.346625,-0.003,0.015783571,-0.009714286,0.571056653,0.480857143,0.00325,-0.01675,-0.022720026,0.02475,0.0108,-0.0046,0.033581727,-0.009,0.01625,0.0215,0.00425,0.298860003,-0.026,0.378660057,0.601333333,-0.016875,-0.003833333,0.206934749,0.221666667,-0.301,0.374916667,0.005655523,0.1865,-0.194416667,-0.011285714,0.029,-0.0175,-0.015428571
satb2,-0.436936202,-0.072,0.512375,-0.59175,-0.386019227,0.168875,0.006333333,-0.267875,0.329487665,-0.144,-0.3945,-0.038666667,-0.301625,-0.206389612,-0.34575,0.02402479,0.425642857,-0.352071429,-0.314357143,-0.319799939,0.323285714,-0.393285714,0.467142857,-0.021181049,-0.387642857,-0.016,-0.0236,-0.308071429,-0.236546034,-0.021666667,0.320516057,0.023,-0.251416667,0.36125,0.101445015,0.0325,0.4135,-0.37,-0.0075,-0.23925,0.171916667,0.010166667,0.479083333,0.479449657,-0.553666667
sbno1,-0.002217409,0.006375,-0.002375,0.357125,-0.010346299,-0.028,0.2025,-0.418125,-0.360776646,-0.0065,-0.005428571,-0.001875,-0.0065,-0.008275411,-0.256625,-0.001580299,0.003222222,0.0015,0.004090909,0.02457876,-0.00275,-0.001,-0.001,-0.016008893,0.015857143,0.0035,0.0045,-0.001,-0.018224801,0.0065,-0.000350507,-0.001,-0.001,-0.001333333,-0.003096256,0.014,-0.00375,0.008625,-0.001427396,0.001,-0.001,-0.001,-0.0054,-0.003469153,0.001
sdccag8,-0.338868294,-0.077375,-0.0318,-0.0945,0.426739541,-0.344375,-0.0338,-0.51375,-0.326712527,-0.01775,-0.273125,0.554375,-0.122,0.0285,-0.26875,0.23300982,-0.0372,0.327428571,0.474,-0.51140086,-0.0125,-0.433214286,0.567642857,-0.388182752,0.00575,0.4295,-0.00625,-0.455857143,0.493916842,-0.436928571,0.015329105,0.486666667,0.009,0.391916667,0.493653093,-0.306083333,-0.362166667,0.35775,0.422867152,0.016833333,-0.650416667,-0.552916667,0.32425,0.008515522,0.002375
41884,-0.858792886,0.667375,-0.488625,-0.364375,-0.498096725,-0.35875,0.62275,0.55625,-0.467644235,-0.4185,-0.57275,-0.42825,-0.50975,0.484180516,0.57825,0.708710009,0.538071429,0.572285714,-0.693428571,0.293424209,0.515571429,-0.506714286,0.425285714,0.43790479,-0.814214286,0.474285714,0.166071429,0.339214286,0.484529845,-0.610928571,-0.701127385,-0.426083333,-0.436166667,-0.647583333,-0.617679189,0.726416667,0.451916667,-0.03875,0.264924468,0.759333333,0.718416667,0.519,-0.40375,0.622948369,0.714583333
sez6l2,-0.729697986,-0.699875,-0.73225,-0.4745,-0.531608625,0.788375,0.605875,-0.715375,0.694940327,-0.449875,-0.72,0.37825,0.634875,0.548545771,0.784875,0.624945448,0.445357143,0.316071429,0.506071429,-0.418982746,-0.372642857,-0.397642857,0.464785714,0.712614056,0.3465,0.423214286,0.433428571,-0.709071429,0.60169535,-0.592571429,-0.292303224,0.890166667,-0.214083333,-0.291583333,-0.0185,0.482916667,-0.3075,-0.013857143,0.48022703,0.01575,-0.41325,-0.595666667,0.624166667,-0.396049145,-0.591583333
shisa9,0.221642942,0.063,-0.33175,0.197625,0.244423459,0.032,0.151875,0.0162,0.199506258,0.217625,0.1585,0.36025,0.0075,-0.23553281,0.03025,-0.322869515,0.324071429,0.018,0.293428571,-0.019458035,0.022166667,0.274428571,-0.236071429,0.274332097,-0.208714286,-0.294857143,-0.01525,0.01725,0.397722422,0.00175,0.025740411,-0.0075,0.0395,-0.148083333,0.01925,0.0172,-0.231916667,-0.029,0.131369723,0.338083333,0.021555556,-0.00625,-0.231416667,0.24200147,0.0155
shmt2,-0.143990638,-0.015,-0.26425,-0.21975,-0.191654292,-0.400625,-0.444,-0.513125,0.506489112,-0.19775,-0.00725,-0.3685,-0.0178,-0.301757631,-0.294875,-0.548307929,-0.421214286,-0.360571429,-0.368714286,-0.415024321,-0.303071429,0.362071429,0.395928571,0.451610159,-0.389,0.0215,0.022428571,0.362428571,-0.373606793,-0.285928571,-0.00590759,-0.0222,-0.0105,-0.009333333,-0.439365996,0.220916667,0.24475,0.024,-0.008,-0.006333333,-0.001666667,-0.0156,-0.016166667,-0.386799403,-0.31625
sipa1l1,0.221001568,0.033,0.540375,0.4865,0.119440447,0.392875,-0.58275,0.431625,0.385694866,0.19875,0.656625,0.483125,0.38525,0.020856508,0.0145,-0.644519151,0.465571429,-0.3095,-0.444142857,-0.432623953,-0.649357143,0.602714286,0.504,-0.488440441,-0.541,0.437714286,-0.366285714,0.305,-0.020118181,-0.356142857,0.415275118,-0.01425,0.425416667,-0.54075,-0.398658073,0.627583333,-0.420583333,-0.444,0.333514689,0.339083333,0.51775,0.023,0.473583333,-0.312296175,0.0035
slc32a1,-0.295094421,-0.728,-0.0385,0.44775,-0.574894779,-0.60175,-0.259625,-0.31025,0.4409563,-0.225125,-0.262625,-0.441375,-0.457625,0.494258247,-0.559375,0.4982005,-0.405928571,-0.341285714,-0.5555,-0.52387118,-0.476642857,-0.484928571,-0.239214286,-0.343230496,-0.340642857,-0.364,0.571571429,-0.519857143,-0.473105291,0.311,-0.23226461,-0.0014,-0.202,-0.3615,-0.285385439,0.463166667,-0.0344,0.33825,-0.001,-0.013,-0.210666667,-0.640583333,0.33375,-0.508777465,-0.270083333
slc35g2,0.164208418,0.006625,0.124875,0.1215,0.380304621,0.3015,-0.293375,0.41275,-0.562939154,0.0262,0.024666667,-0.2745,0.15075,0.510950113,0.423,0.371213718,-0.324357143,0.377571429,0.0208,0.55953398,0.012333333,0.289428571,0.399714286,0.548151175,0.01075,0.031,0.379642857,0.0102,-0.488179084,0.03275,0.358358084,0.0054,0.23375,-0.31025,0.326310213,0.34375,0.007333333,0.0055,0.254150411,0.37525,0.321833333,0.026,-0.36425,-0.533866179,-0.373666667
slc38a7,-0.916855035,-0.566625,0.6715,-0.569625,0.460680754,0.317375,0.359625,0.5605,-0.294462933,0.548625,0.4695,0.506375,0.564125,-0.540490245,-0.741375,-0.018313256,-0.0176,-0.337428571,-0.01075,0.398448823,-0.0208,-0.00125,-0.5425,-0.439223855,-0.484357143,-0.271142857,-0.510357143,-0.420714286,-0.4828767,-0.449357143,-0.132538779,-0.013,-0.0186,-0.02,-0.175748336,-0.454083333,-0.02125,-0.373666667,-0.615249857,-0.022,0.2625,-0.504666667,-0.329666667,-0.291354862,-0.345833333
slc39a8,-0.029337771,-0.1825,-0.0278,-0.130375,-0.280948881,-0.6095,-0.27475,-0.260625,0.498677438,-0.024571429,-0.01775,-0.236875,0.36025,-0.623665857,-0.503875,-0.739722493,0.3835,-0.815714286,-0.411785714,-0.45101208,0.575571429,-0.683571429,-0.545857143,-0.563212982,-0.573714286,0.555,0.6245,0.211785714,-0.570319784,0.660857143,0.426076993,0.763666667,0.411583333,0.432416667,0.308148721,-0.449416667,-0.482416667,-0.436583333,-0.550359578,0.452666667,0.296833333,0.62325,0.429416667,0.600859064,-0.553583333
snap91,-0.002254149,-0.0035,-0.001875,0.003125,0.01445397,0.023833333,-0.136625,-0.160125,0.199606167,-0.00175,-0.0018,-0.001,-0.002666667,-0.093395297,-0.179375,-0.02778474,0.020444444,0.172285714,0.0175,0.346038159,-0.243714286,-0.014,-0.359428571,0.020936562,0.024,-0.02125,-0.0055,-0.0114,0.258053328,0.016,0.00677407,-0.001166667,-0.001444444,-0.425,0.196265677,0.273666667,-0.004142857,0.001285714,0.001266326,-0.346666667,0.0165,0.001,0.001111111,0.197529096,0.00275
snx19,-0.138088001,0.3535,-0.194625,0.228125,-0.358535259,-0.3025,0.390625,0.279125,-0.551344916,-0.0148,0.4355,0.0038,0.18875,0.394058912,-0.140375,-0.531548658,0.470285714,-0.549357143,0.32,0.459105682,0.329714286,-0.348714286,0.379642857,-0.404433009,-0.311714286,0.281285714,0.433857143,0.006,-0.410591099,0.365928571,0.451190803,-0.009666667,-0.411166667,-0.03025,-0.339464484,0.427833333,-0.0215,0.346583333,0.389514069,0.269666667,-0.268,-0.006,-0.002777778,-0.013969949,-0.001
srebf2,-0.393322738,-0.141625,-0.079125,-0.313375,-0.215543718,0.358875,-0.627875,0.70025,0.398219865,-0.206125,-0.281875,-0.606375,0.547,-0.442196577,0.365,-0.516968594,-0.449428571,-0.294928571,-0.405428571,-0.468313607,0.412214286,-0.350714286,-0.439357143,-0.564379954,-0.501714286,-0.307071429,0.451714286,0.440928571,-0.277019136,-0.4015,-0.438492022,-0.568,0.321,0.47,-0.301526557,-0.566,-0.034,-0.193333333,-0.388253085,0.0125,-0.423333333,-0.157416667,-0.012714286,-0.015112802,-0.27675
srpk2,-0.592015329,0.032,-0.191125,0.319125,-0.466355723,-0.48625,0.489875,-0.322875,0.296188889,-0.581375,-0.384125,-0.482375,0.307625,0.404201612,-0.18575,0.237484971,-0.344857143,0.028333333,0.0222,0.021863155,0.353642857,0.2975,0.0192,0.026867565,0.013857143,0.0188,0.292285714,-0.014333333,0.518485957,0.3295,0.280599651,0.353833333,0.291,0.457083333,0.614496608,-0.337166667,0.502166667,-0.0148,-0.025779771,0.315166667,0.426,-0.4235,-0.446333333,-0.41799835,-0.495416667
srr,0.683875723,-0.600625,0.426125,0.38175,0.432188876,0.426375,0.242125,0.39175,-0.365731984,0.37825,0.605375,0.565125,0.30525,0.36440865,0.32925,0.439640312,0.372428571,0.319071429,0.487214286,0.533361052,-0.499571429,0.428642857,-0.0185,0.457784642,0.01325,0.320857143,0.02975,0.424,0.444931879,0.501857143,0.457671298,0.5105,-0.669333333,0.567833333,0.291131339,0.025,-0.587666667,0.336333333,0.421358288,0.435,0.501166667,0.454,-0.67575,0.42923863,0.481666667
stat6,-0.511530482,-0.326,-0.563,-0.51575,0.584349094,-0.5945,0.640375,-0.602875,-0.48539649,-0.27125,-0.720125,0.73625,-0.60225,0.510593617,0.6695,-0.464532094,0.576428571,0.663357143,0.359785714,0.367299519,-0.476642857,-0.720428571,0.003,0.631331514,0.455071429,-0.633785714,0.477928571,0.485642857,0.526682358,0.01625,0.73118727,0.479,-0.543916667,-0.598583333,0.71151258,0.765916667,-0.48575,0.320833333,0.714046457,0.398916667,0.40325,-0.724083333,-0.431083333,-0.423739947,-0.521916667
sybu,0.818750452,-0.3805,-0.806375,0.77425,0.647231441,0.737125,-0.231375,0.262875,-0.633998394,0.81425,0.74175,0.587,-0.621,-0.69385384,0.535125,0.69327064,0.024,-0.647571429,-0.558642857,0.579652501,-0.377785714,-0.404857143,0.643071429,0.670843859,-0.728214286,0.619071429,-0.349642857,-0.535714286,-0.419990213,0.607928571,0.730716241,0.68125,0.574,0.476583333,0.629011423,0.5665,0.6745,-0.348166667,0.71869721,-0.665416667,0.41525,0.483333333,0.434583333,0.584909982,-0.672916667
syngap1,0.018482499,0.001,0.012,0.131875,0.035062103,0.358,0.007666667,0.126875,0.020814162,0.0292,0.023857143,0.037166667,0.02075,0.010554125,0.062,0.189748618,-0.309142857,0.00575,-0.0145,-0.271039797,0.0185,0.3475,0.262714286,0.358865282,-0.0072,-0.2315,-0.00825,-0.010142857,0.327252892,0.202785714,0.006855206,0.001166667,0.006111111,0.164916667,0.339976236,-0.16075,-0.017,-0.0168,-0.269538705,-0.016714286,0.0165,0.01075,-0.0125,-0.24251912,-0.0064
tbc1d5,0.754592192,0.716875,0.4015,0.438875,0.49981041,0.6705,0.312375,0.0108,0.71302143,0.5595,0.73975,-0.564125,-0.306625,-0.498241069,-0.32175,0.317129781,0.0083,0.236142857,0.214857143,0.804776722,0.380357143,-0.611571429,0.532571429,0.428757141,0.2545,0.295214286,-0.352642857,0.272071429,-0.559237381,0.418,-0.516956025,0.612666667,-0.359333333,-0.434416667,-0.548599227,0.523333333,0.523083333,-0.531666667,0.510916633,-0.4835,-0.028571429,-0.729416667,0.513083333,0.503311754,0.00725
tcf20,2,2,-0.584625,-0.631625,-0.745143089,-0.5315,0.581375,-0.70375,0.795910762,0.705125,-0.46325,-0.2405,-0.43,0.247137912,0.761875,2,2,0.739071429,0.677071429,-0.431748143,0.442,0.680857143,-0.457285714,-0.570794762,0.351571429,-0.505214286,-0.653214286,-0.684928571,-0.458182064,0.552571429,2,2,-0.51525,-0.447166667,0.41703212,-0.328166667,-0.327,-0.650083333,-0.613308552,-0.341916667,-0.644166667,-0.391083333,0.482333333,0.560713674,0.35325
tcf4,0.095612123,-0.216625,0.126625,0.12125,-0.275785969,0.426375,-0.36225,0.576375,-0.455513748,0.0296,0.02075,-0.171125,-0.005142857,0.003,-0.21025,0.344200631,0.529571429,0.384928571,0.019,0.382978373,0.007,-0.308714286,-0.388214286,-0.475773943,0.349357143,-0.368785714,0.0325,-0.409428571,-0.387018923,0.274428571,0.388980436,0.00525,-0.417,-0.018,-0.204271711,0.359666667,-0.417916667,0.25925,0.510051401,-0.417166667,-0.41875,0.0258,0.480166667,0.216509748,0.35275
tle1,-0.595000342,0.2925,-0.4585,-0.386625,-0.474413351,0.48825,0.531875,-0.52675,0.436254633,0.570875,0.27825,0.297375,0.393125,0.441333179,-0.5135,-0.31469304,-0.404642857,-0.3465,-0.604785714,-0.361125715,-0.716785714,-0.483285714,0.613785714,0.54640122,-0.440642857,-0.406357143,0.011714286,-0.011375,-0.397547387,-0.339785714,-0.477143887,-0.336,-0.338,-0.522416667,0.689009734,-0.445916667,-0.014666667,0.645916667,-0.471381473,-0.541,-0.487583333,0.31325,0.233916667,0.513736981,0.225
tle3,-0.008835108,0.0115,-0.0025,-0.1335,-0.245161279,-0.11025,-0.012571429,-0.0215,-0.119310169,-0.004125,-0.001125,-0.004875,-0.19275,-0.172821976,-0.197625,0.306452932,-0.277428571,0.007,-0.02275,-0.361389527,-0.254071429,-0.019,-0.01025,-0.018751419,-0.23,-0.01525,0.299785714,0.0013,-0.007481985,0.399642857,-0.016475146,-0.0205,-0.0162,0.018,0.016740262,-0.0097,-0.011,-0.001,0.013612258,0.003166667,-0.269416667,0.209583333,0.004625,-0.201067426,-0.002875
tmtc1,0.339111542,0.375875,0.750875,0.63125,0.264783752,0.406875,0.14975,0.423,0.537612263,0.508375,0.29975,-0.63425,0.240875,0.246030648,0.289,-0.243995229,-0.500142857,0.423428571,0.4915,-0.404594761,0.011,-0.476357143,0.384571429,-0.34869983,0.289214286,0.018,0.472857143,-0.244142857,-0.386318191,-0.01225,-0.294468664,-0.51,0.756416667,0.012,0.492205314,-0.026375,0.023875,-0.015285714,-0.59582037,0.008666667,0.021,0.257833333,0.0188,0.345507771,0.461833333
tsnare1,0.094681448,0.286,0.094625,0.223625,0.273706827,0.154931829,0.249375,0.43525,0.300799665,0.096,0.02,0.021,0.225125,-0.408403598,0.358625,0.024722056,-0.341857143,0.3395,0.337714286,0.404660721,0.398928571,0.142857143,0.009,0.495189282,0.004166667,0.008,0.345857143,0.3315,0.012611337,-0.355785714,0.248393871,0.52525,-0.020666667,0.0348,-0.306709542,-0.280416667,-0.25875,-0.22825,-0.408805219,-0.0125,0.004333333,0.334083333,0.012833333,0.323931021,-0.00325
vrk2,0.270946805,0.21725,0.087,0.155375,0.110304554,0.3745,0.304,0.279,0.355886954,0.159125,0.2055,0.081,-0.041,0.297456872,-0.522,0.258436576,0.0155,0.001,0.0045,0.377781944,0.308785714,0.487357143,0.549357143,0.59497816,-0.186142857,0.408,0.018166667,0.014,-0.018715504,-0.388714286,-0.017231562,-0.014166667,-0.004,-0.021714286,-0.008729219,-0.336666667,0.430166667,-0.311333333,-0.30469135,-0.016833333,-0.02225,-0.019,-0.25575,-0.010439046,-0.01
znf536,0.002199437,0.001625,0.001625,0.002625,0.008013098,0.02075,0.09375,-0.20125,0.078811138,0.003,0.001,0.0214,0.0105,0.195788744,0.010428571,-0.405663552,-0.354214286,-0.021,-0.009833333,-0.398590969,-0.480285714,0.0205,0.03175,-0.417874728,-0.445071429,-0.339214286,-0.02,0.467142857,0.428481528,0.355714286,-0.186878375,0.358166667,-0.281916667,-0.019555556,-0.0322,0.247666667,-0.011727273,0.02575,-0.292586272,-0.592083333,-0.158333333,-0.32525,-0.278583333,0.433264658,0.00725
znf804a,-0.508850241,-0.2215,0.3535,-0.77575,0.576638739,0.01375,0.2665,-0.62225,0.247928334,-0.2075,-0.144125,-0.182125,-0.001125,-0.019615819,0.508375,-0.294406521,0.0135,-0.323642857,-0.409857143,0.483703407,-0.548714286,-0.02475,-0.504428571,-0.454509232,-0.423428571,0.371928571,0.0225,-0.012857143,0.364065085,-0.466357143,-0.332448475,-0.6475,-0.01125,-0.2355,-0.449945852,0.327833333,-0.025166667,0.456333333,-0.421088305,0.2795,-0.457166667,-0.029,-0.187416667,-0.014270654,0.250583333
zswim6,-0.821711681,0.511375,-0.459875,0.323125,0.40565104,0.6265,-0.695375,0.283875,0.634738044,-0.291125,-0.470625,0.42225,0.0185,0.309943408,0.597,0.513640043,0.590357143,0.368071429,0.282,0.47868075,0.692714286,0.599714286,0.394428571,0.582736024,0.4025,0.380214286,-0.532285714,0.351142857,0.524906801,0.667,0.79997031,-0.0245,-0.399833333,-0.461166667,0.607627239,-0.544833333,-0.617833333,-0.520916667,-0.416954274,0.435333333,0.479666667,0.017375,0.473583333,0.725727158,0.356166667
